node,pol,inc,abor,homo,male0fem1
51470,1,1,2,3,0
18420,3,1,2,1,0
15776,3,1,2,3,0
15071,3,1,1,1,0
78911,1,1,2,1,1
25323,1,1,2,2,1
14106,3,1,2,1,0
68533,1,2,2,3,0
49294,1,1,3,3,0
15548,3,1,1,1,1
82060,1,1,3,2,0
23040,2,1,2,1,1
71518,2,1,2,1,0
69669,3,1,2,1,1
35227,3,1,2,3,0
31583,1,1,2,3,1
44167,2,3,1,1,1
63817,2,1,2,1,0
73175,1,2,2,1,0
64772,3,3,2,3,1
23642,1,2,3,3,1
45945,1,1,2,3,0
83184,3,1,2,1,0
65591,2,2,1,1,0
96600,3,1,2,2,1
49597,2,1,1,1,0
18394,3,1,3,1,1
11692,2,1,2,1,0
85596,1,1,2,3,1
68494,1,2,3,2,1
66052,2,1,2,3,1
51722,2,3,3,1,1
26999,2,1,2,2,0
25544,1,1,3,3,1
13882,3,1,2,2,0
17041,1,2,2,3,0
22540,1,3,2,1,0
46654,3,2,2,1,1
16313,1,1,3,3,0
44947,1,1,2,3,0
13896,2,1,2,2,1
66404,1,2,3,3,0
61280,2,2,2,3,0
78966,1,2,3,1,0
19066,1,1,3,3,1
88175,2,3,3,2,1
71187,3,1,2,1,0
32100,3,2,2,3,0
52067,3,2,2,1,0
80058,2,2,2,1,0
59367,3,3,1,1,1
77023,2,2,2,1,1
33094,1,3,3,1,1
65102,3,2,2,2,0
18344,3,3,2,2,1
86727,1,1,3,3,0
63188,3,1,3,1,0
84841,1,2,3,3,1
50869,1,2,3,3,0
63757,3,1,3,3,1
51102,3,1,3,1,1
88133,3,1,1,1,1
86237,3,1,1,1,0
39122,2,1,3,2,1
44520,3,2,1,1,1
78638,1,1,1,3,1
51552,1,3,1,1,0
22617,2,1,3,3,1
13116,3,2,1,1,0
40997,3,1,3,3,0
25494,1,1,1,3,0
28831,1,2,3,1,0
77824,1,1,2,3,0
24760,2,1,3,3,0
10060,2,2,2,3,1
46160,1,1,3,3,1
17353,1,2,2,1,1
14188,3,2,1,1,1
29914,3,1,2,1,0
36951,1,1,1,2,0
77291,3,1,2,1,1
36006,1,1,3,3,0
23144,1,1,2,3,0
52441,1,1,3,3,1
26425,2,1,3,3,0
47230,1,1,3,3,1
32899,1,2,2,3,0
16933,2,1,1,1,0
45292,2,3,1,1,1
71627,2,2,3,3,1
32174,3,2,2,3,0
51597,1,3,2,3,0
86009,1,2,3,3,0
48429,3,2,1,1,0
83568,1,1,3,1,0
30952,2,1,1,1,1
78062,3,1,2,1,0
34250,1,1,2,3,0
46021,1,1,2,1,0
45539,1,2,3,3,0
66754,2,1,2,3,0
24543,1,1,1,3,1
39701,1,2,3,3,0
73303,2,1,2,3,0
55464,3,3,2,1,0
70889,3,2,2,1,1
14962,3,1,2,1,1
10353,1,1,2,3,0
89827,3,2,1,1,0
26127,2,3,3,2,1
85970,1,3,3,3,1
75178,1,1,2,1,1
10841,2,2,3,3,1
38901,2,2,3,2,1
74916,1,1,3,3,1
25171,1,1,3,3,0
38893,1,3,2,3,1
71700,2,2,3,3,1
38927,1,1,2,1,1
53275,3,2,1,3,0
84625,2,1,1,3,1
22931,1,1,3,3,1
46771,1,3,2,1,0
58909,3,1,3,1,1
40557,1,1,2,2,1
34853,1,1,1,1,0
57896,1,1,3,2,1
72746,1,1,1,1,0
50181,2,2,2,3,0
62560,1,1,2,1,1
52923,2,1,2,3,1
25947,1,1,2,1,0
19844,2,1,2,2,0
30076,3,1,2,3,0
86610,2,1,2,2,1
46584,3,1,2,1,1
52615,3,1,1,1,1
13799,1,1,3,3,1
68633,2,1,3,3,1
63063,1,2,2,1,0
52635,3,1,2,1,0
31372,1,1,2,1,0
51675,1,1,3,3,1
48990,1,1,3,2,0
22745,3,3,1,1,1
84472,2,1,3,1,0
41393,1,1,2,2,0
79877,3,3,1,1,0
82282,3,3,1,1,1
11023,2,2,2,1,1
16495,3,1,2,1,1
39783,1,1,3,3,1
66991,2,1,3,3,1
36143,1,1,3,3,0
53884,1,1,3,3,0
37617,1,1,3,3,1
86352,2,1,2,3,0
21350,3,1,1,1,1
50709,3,1,1,1,1
75466,3,2,2,1,1
62555,3,2,1,1,0
65526,1,1,3,3,1
10281,1,1,2,3,0
75261,3,1,2,1,1
57637,2,2,2,1,0
38823,1,1,3,3,0
84215,3,1,1,1,1
11360,3,1,3,3,0
66245,3,2,1,1,1
75468,3,1,2,3,0
67947,1,1,3,1,0
76313,3,2,2,1,0
